{
 "ours_30000": {
  "SSIM": {
   "00083.png": 0.9542137980461121,
   "00043.png": 0.976725161075592,
   "00046.png": 0.955585777759552,
   "00051.png": 0.9492022395133972,
   "00058.png": 0.9478706121444702,
   "00092.png": 0.960561990737915,
   "00001.png": 0.9329173564910889,
   "00019.png": 0.9657288789749146,
   "00034.png": 0.9010583162307739,
   "00045.png": 0.9780895709991455,
   "00070.png": 0.947041928768158,
   "00017.png": 0.9414312839508057,
   "00025.png": 0.9663825035095215,
   "00035.png": 0.9706258177757263,
   "00003.png": 0.9400708079338074,
   "00098.png": 0.9776010513305664,
   "00011.png": 0.9283697605133057,
   "00044.png": 0.9839587211608887,
   "00072.png": 0.8872871994972229,
   "00033.png": 0.9473952054977417,
   "00013.png": 0.9536988139152527,
   "00016.png": 0.9812021851539612,
   "00059.png": 0.797135055065155,
   "00091.png": 0.9837440252304077,
   "00002.png": 0.9734762907028198,
   "00064.png": 0.8650224804878235,
   "00049.png": 0.9841270446777344,
   "00076.png": 0.9692548513412476,
   "00097.png": 0.9464333653450012,
   "00084.png": 0.8718924522399902,
   "00095.png": 0.9848223924636841,
   "00053.png": 0.9808144569396973,
   "00005.png": 0.9821012616157532,
   "00060.png": 0.9539914131164551,
   "00061.png": 0.9350226521492004,
   "00024.png": 0.9398083686828613,
   "00021.png": 0.9442626237869263,
   "00050.png": 0.9531899690628052,
   "00078.png": 0.9703779220581055,
   "00080.png": 0.9422368407249451,
   "00069.png": 0.9638700485229492,
   "00062.png": 0.9565799832344055,
   "00042.png": 0.9417721629142761,
   "00077.png": 0.9800859093666077,
   "00087.png": 0.9578855037689209,
   "00038.png": 0.9663171172142029,
   "00071.png": 0.9489272832870483,
   "00010.png": 0.9863697290420532,
   "00018.png": 0.8640455007553101,
   "00008.png": 0.8928240537643433,
   "00036.png": 0.9517964720726013,
   "00029.png": 0.9838476777076721,
   "00079.png": 0.961192786693573,
   "00068.png": 0.959108293056488,
   "00037.png": 0.9578070640563965,
   "00023.png": 0.9736632108688354,
   "00054.png": 0.9493463635444641,
   "00089.png": 0.8579406142234802,
   "00031.png": 0.9532695412635803,
   "00009.png": 0.9658969640731812,
   "00014.png": 0.9029576182365417,
   "00026.png": 0.9510942697525024,
   "00085.png": 0.8396331071853638,
   "00040.png": 0.9545671939849854,
   "00073.png": 0.8819679617881775,
   "00015.png": 0.9219209551811218,
   "00094.png": 0.9847142100334167,
   "00030.png": 0.9643359184265137,
   "00020.png": 0.9797515273094177,
   "00022.png": 0.9893839359283447,
   "00074.png": 0.9346855282783508,
   "00027.png": 0.9827976822853088,
   "00055.png": 0.9057077169418335,
   "00004.png": 0.9596441984176636,
   "00065.png": 0.8676358461380005,
   "00012.png": 0.9743413925170898,
   "00048.png": 0.9393428564071655,
   "00093.png": 0.9236137866973877,
   "00006.png": 0.9015142917633057,
   "00099.png": 0.9628342390060425,
   "00039.png": 0.8585085272789001,
   "00000.png": 0.8935378789901733,
   "00067.png": 0.9488552212715149,
   "00088.png": 0.8764908313751221,
   "00086.png": 0.9490647912025452,
   "00032.png": 0.9649858474731445,
   "00081.png": 0.9589716196060181,
   "00052.png": 0.9892329573631287,
   "00075.png": 0.9732683897018433,
   "00047.png": 0.9760997295379639,
   "00082.png": 0.9287840723991394,
   "00056.png": 0.9703400135040283,
   "00090.png": 0.9448652267456055,
   "00057.png": 0.9607008099555969,
   "00063.png": 0.8778022527694702,
   "00066.png": 0.8289240598678589,
   "00028.png": 0.9296316504478455,
   "00096.png": 0.941412627696991,
   "00007.png": 0.9490953683853149,
   "00041.png": 0.9791725277900696
  },
  "PSNR": {
   "00083.png": 26.985031127929688,
   "00043.png": 29.71440315246582,
   "00046.png": 26.747955322265625,
   "00051.png": 25.077030181884766,
   "00058.png": 23.334529876708984,
   "00092.png": 27.49212074279785,
   "00001.png": 26.269128799438477,
   "00019.png": 27.75533676147461,
   "00034.png": 23.88052749633789,
   "00045.png": 30.153583526611328,
   "00070.png": 24.859237670898438,
   "00017.png": 25.603721618652344,
   "00025.png": 28.835351943969727,
   "00035.png": 27.945968627929688,
   "00003.png": 24.053329467773438,
   "00098.png": 28.907339096069336,
   "00011.png": 23.94159698486328,
   "00044.png": 30.136783599853516,
   "00072.png": 23.193622589111328,
   "00033.png": 26.204450607299805,
   "00013.png": 26.124401092529297,
   "00016.png": 29.947830200195312,
   "00059.png": 17.004329681396484,
   "00091.png": 31.075151443481445,
   "00002.png": 28.69575309753418,
   "00064.png": 19.686721801757812,
   "00049.png": 30.549619674682617,
   "00076.png": 26.420820236206055,
   "00097.png": 23.84242057800293,
   "00084.png": 19.95849609375,
   "00095.png": 31.302549362182617,
   "00053.png": 29.80508041381836,
   "00005.png": 29.240591049194336,
   "00060.png": 22.125185012817383,
   "00061.png": 21.394140243530273,
   "00024.png": 26.591392517089844,
   "00021.png": 26.064348220825195,
   "00050.png": 25.38949966430664,
   "00078.png": 28.627723693847656,
   "00080.png": 27.32450294494629,
   "00069.png": 26.479976654052734,
   "00062.png": 23.428298950195312,
   "00042.png": 25.90228271484375,
   "00077.png": 30.407791137695312,
   "00087.png": 27.13943099975586,
   "00038.png": 27.204225540161133,
   "00071.png": 25.103666305541992,
   "00010.png": 30.969255447387695,
   "00018.png": 22.438064575195312,
   "00008.png": 19.087488174438477,
   "00036.png": 26.750858306884766,
   "00029.png": 29.736831665039062,
   "00079.png": 28.15827178955078,
   "00068.png": 26.03836441040039,
   "00037.png": 27.120492935180664,
   "00023.png": 28.529266357421875,
   "00054.png": 25.99370765686035,
   "00089.png": 17.70655059814453,
   "00031.png": 27.3952579498291,
   "00009.png": 26.35089683532715,
   "00014.png": 23.846511840820312,
   "00026.png": 27.131187438964844,
   "00085.png": 22.078638076782227,
   "00040.png": 26.5230712890625,
   "00073.png": 18.97244644165039,
   "00015.png": 24.967350006103516,
   "00094.png": 31.217214584350586,
   "00030.png": 27.982873916625977,
   "00020.png": 29.510372161865234,
   "00022.png": 31.6408634185791,
   "00074.png": 23.025325775146484,
   "00027.png": 29.537487030029297,
   "00055.png": 23.15563201904297,
   "00004.png": 24.541330337524414,
   "00065.png": 17.460783004760742,
   "00012.png": 28.755786895751953,
   "00048.png": 25.317733764648438,
   "00093.png": 24.532100677490234,
   "00006.png": 24.594913482666016,
   "00099.png": 24.435535430908203,
   "00039.png": 22.336511611938477,
   "00000.png": 21.506879806518555,
   "00067.png": 25.064115524291992,
   "00088.png": 19.61106300354004,
   "00086.png": 26.55312728881836,
   "00032.png": 27.295209884643555,
   "00081.png": 27.837890625,
   "00052.png": 31.096343994140625,
   "00075.png": 29.28289031982422,
   "00047.png": 29.84363555908203,
   "00082.png": 21.198341369628906,
   "00056.png": 27.00804901123047,
   "00090.png": 26.591140747070312,
   "00057.png": 25.639760971069336,
   "00063.png": 18.93341827392578,
   "00066.png": 15.854134559631348,
   "00028.png": 25.475608825683594,
   "00096.png": 22.672325134277344,
   "00007.png": 25.99794578552246,
   "00041.png": 30.263164520263672
  },
  "LPIPS": {
   "00083.png": 0.06719613075256348,
   "00043.png": 0.03387816250324249,
   "00046.png": 0.07362155616283417,
   "00051.png": 0.08100387454032898,
   "00058.png": 0.06335808336734772,
   "00092.png": 0.06109226122498512,
   "00001.png": 0.143368661403656,
   "00019.png": 0.04882549121975899,
   "00034.png": 0.12699125707149506,
   "00045.png": 0.03678848594427109,
   "00070.png": 0.06559056788682938,
   "00017.png": 0.07986864447593689,
   "00025.png": 0.04504721611738205,
   "00035.png": 0.04313249886035919,
   "00003.png": 0.08180519938468933,
   "00098.png": 0.030546844005584717,
   "00011.png": 0.09624874591827393,
   "00044.png": 0.03393813967704773,
   "00072.png": 0.16797567903995514,
   "00033.png": 0.06444576382637024,
   "00013.png": 0.06516901403665543,