{
 "ours_30000": {
  "SSIM": 0.943194568157196,
  "PSNR": 25.834911346435547,
  "LPIPS": 0.08115627616643906
 }
}